date,suspend,deactive
Feb-24,6,154
Feb-25,74,856
Feb-26,213,1804
Feb-27,337,2455
Feb-28,469,3031
Feb-28,1547,2337
Mar-1,2769,3443
Mar-2,4118,4830
Mar-3,6595,6516
Mar-4,9051,7946
Mar-5,9106,8086
Mar-6,9181,8224
Mar-7,18510,12631
Mar-8,22528,14023
Mar-9,25583,15665
Mar-10,28171,17065
Mar-11,31515,18247
Mar-12,31547,18311
Mar-13,31588,18378
Mar-14,37341,22133
Mar-15,38718,23193
Mar-16,40362,24591
Mar-21,50733,29873
Mar-22,50741,29886
Mar-23,54646,32421
Mar-24,54669,32432
Mar-25,57412,33683
Mar-26,58084,34983
Mar-27,58099,35003
Mar-28,58116,35024
Mar-29,63292,38102
Mar-30,64541,38913
Mar-31,65802,39646
Apr-1,67467,40137
Apr-4,75307,40612
Apr-5,76533,40558
Apr-6,76538,40565
Apr-7,77790,40557
Apr-8,79736,40688
Apr-9,81099,40750
Apr-10,81110,40771
Apr-11,81126,40795
Apr-12,86705,40224
Apr-13,87877,40014
Apr-14,89736,40142
Apr-15,90813,40491
Apr-16,92189,40482
Apr-17,92198,40490
Apr-18,92206,40508
Apr-19,97365,40366
Apr-20,98643,40363
Apr-21,102773,40184
Apr-22,104572,40358
Apr-23,107611,40161
Apr-24,107618,40169
Apr-25,107622,40175
Apr-26,113443,39293
Apr-27,114522,39058
Apr-28,115781,39452
Apr-29,117372,45072
Apr-30,118979,48206
May-1,118998,48218
May-2,119022,48236
May-3,126059,49058
May-4,127493,48754
May-5,128612,48874
May-6,129774,48685
Jun-12,187141,36703
Jun-13,187144,36706
Jun-14,193870,36010
Jun-15,195718,35825
Jun-16,197499,35926
Jun-17,199098,36079
Jun-18,200575,35775
Jun-19,200579,35778
Jun-20,200581,35783
Jun-21,200585,35789
Jun-22,205534,34716
Jun-23,206442,34864
Jun-24,207728,35124
Jun-25,209120,35017
Jun-26,209120,35026
Jun-27,209123,35033
Jun-28,212772,34603
Jun-29,213486,34588
Jun-30,214273,34621
Jul-1,215259,34820
Jul-2,216268,34924
Jul-3,216269,34932
Jul-4,216271,34940
Jul-5,216274,34949
Jul-6,220562,34253
Jul-7,224439,34964
Jul-8,225870,34905
Jul-9,227452,34453
Jul-10,227454,34460
Jul-11,227457,34465
Jul-12,232650,33877
Jul-13,233850,33904
Jul-14,234997,34157
Jul-15,236456,34309
Jul-16,237802,34038
Jul-17,237802,34040
Jul-18,237804,34044
Jul-19,245491,33925
Jul-20,246983,33781
Jul-21,248250,33829
Jul-22,249601,33859
Jul-23,251631,33990
Jul-24,251632,33997
Jul-25,251632,34001
Jul-26,255076,33217
Jul-27,255962,33150
Jul-28,256887,33384
Jul-29,258060,33438
Jul-30,259177,33450
Jul-31,259183,33460
Aug-1,259190,33463
Aug-2,262672,32879
Aug-3,263466,32673
Aug-4,264254,32857
Aug-5,265211,33149
Aug-6,266336,33040
Aug-7,266337,33046
Aug-8,266377,33063
Aug-9,270366,32610
Aug-10,271302,32547
Aug-11,272396,32476
Aug-12,273438,32463
Aug-13,275238,32492
Aug-14,275238,32494
Aug-15,275240,32497
Aug-16,279358,32248
Aug-17,280130,32294
Aug-18,281107,32389
Aug-19,281892,32595
